StructureType,StructureIdentifier,AssociationFromName,AssociationRole,AssociationToName,CalculationPolarity,PreferredLabelRole,Sequence
Definition,BalanceSheet,common:HypercubeLineItems,LineItems-Hypercube,common:BalanceSheetHypercube,,,1
Presentation,ChangesInEquity,common:ChangesInEquityHypercube,Parent-Child,common:HypercubeLineItems,,,51
Presentation,CashFlow,common:CashFlowHypercube,Parent-Child,common:HypercubeLineItems,,,1
Presentation,IncomeStatement,common:IncomeStatementHypercube,Parent-Child,common:HypercubeLineItems,,,11
Presentation,BalanceSheet,common:BalanceSheetHypercube,Parent-Child,common:HypercubeLineItems,,,1
Presentation,ComprehensiveIncomeStatement,common:ComprehensiveIncomeStatementHypercube,Parent-Child,common:HypercubeLineItems,,,11
Presentation,BalanceSheet,common:HypercubeLineItems,Parent-Child,common:AssetsRollUp,,,1
Calculation,BalanceSheet,common:Assets,Total-Item,common:CurrentAssets,Add,,1
Presentation,BalanceSheet,common:AssetsRollUp,Parent-Child,common:CurrentAssets,,,3
Definition,BalanceSheet,common:HypercubeLineItems,Member-Member,common:CurrentAssets,,,2
Calculation,BalanceSheet,common:Assets,Total-Item,common:NoncurrentAssets,Add,,2
Presentation,BalanceSheet,common:AssetsRollUp,Parent-Child,common:NoncurrentAssets,,,4
Definition,BalanceSheet,common:HypercubeLineItems,Member-Member,common:NoncurrentAssets,,,3
Presentation,BalanceSheet,common:AssetsRollUp,Parent-Child,common:Assets,,,5
Definition,BalanceSheet,common:HypercubeLineItems,Member-Member,common:Assets,,,4
Definition,CashFlow,common:HypercubeLineItems,Member-Member,common:Assets,,,1
Presentation,BalanceSheet,common:HypercubeLineItems,Parent-Child,common:LiabilitiesAndEquityRollUp,,,2
Presentation,BalanceSheet,common:LiabilitiesAndEquityRollUp,Parent-Child,common:LiabilitiesRollUp,,,7
Calculation,BalanceSheet,common:Liabilities,Total-Item,common:CurrentLiabilities,Add,,3
Presentation,BalanceSheet,common:LiabilitiesRollUp,Parent-Child,common:CurrentLiabilities,,,8
Definition,BalanceSheet,common:HypercubeLineItems,Member-Member,common:CurrentLiabilities,,,5
Presentation,BalanceSheet,common:LiabilitiesRollUp,Parent-Child,common:NoncurrentLiabilities,,,9
Calculation,BalanceSheet,common:Liabilities,Total-Item,common:NoncurrentLiabilities,Add,,4
Definition,BalanceSheet,common:HypercubeLineItems,Member-Member,common:NoncurrentLiabilities,,,6
Presentation,BalanceSheet,common:LiabilitiesRollUp,Parent-Child,common:Liabilities,,,10
Calculation,BalanceSheet,common:LiabilitiesAndEquity,Total-Item,common:Liabilities,Add,,5
Definition,BalanceSheet,common:HypercubeLineItems,Member-Member,common:Liabilities,,,7
Presentation,BalanceSheet,common:LiabilitiesAndEquityRollUp,Parent-Child,common:EquityRollUp,,,11
Presentation,BalanceSheet,common:EquityRollUp,Parent-Child,common:EquityAttributableToControllingInterests,,,12
Calculation,BalanceSheet,common:Equity,Total-Item,common:EquityAttributableToControllingInterests,Add,,6
Definition,BalanceSheet,common:HypercubeLineItems,Member-Member,common:EquityAttributableToControllingInterests,,,8
Calculation,BalanceSheet,common:Equity,Total-Item,common:EquityAttributableToNoncontrollingInterests,Add,,7
Presentation,BalanceSheet,common:EquityRollUp,Parent-Child,common:EquityAttributableToNoncontrollingInterests,,,13
Definition,BalanceSheet,common:HypercubeLineItems,Member-Member,common:EquityAttributableToNoncontrollingInterests,,,9
Presentation,BalanceSheet,common:EquityRollUp,Parent-Child,common:Equity,,,14
Calculation,BalanceSheet,common:LiabilitiesAndEquity,Total-Item,common:Equity,Add,,8
Definition,ChangesInEquity,common:HypercubeLineItems,Member-Member,common:Equity,,,1
Definition,BalanceSheet,common:HypercubeLineItems,Member-Member,common:Equity,,,10
Presentation,BalanceSheet,common:LiabilitiesAndEquityRollUp,Parent-Child,common:LiabilitiesAndEquity,,,15
Definition,BalanceSheet,common:HypercubeLineItems,Member-Member,common:LiabilitiesAndEquity,,,11
Definition,IncomeStatement,common:HypercubeLineItems,LineItems-Hypercube,common:IncomeStatementHypercube,,,1
Presentation,IncomeStatement,common:HypercubeLineItems,Parent-Child,common:NetIncomeRollUp,,,1
Presentation,IncomeStatement,common:NetIncomeRollUp,Parent-Child,common:Revenues,,,1
Calculation,IncomeStatement,common:NetIncome,Total-Item,common:Revenues,Add,,1
Definition,IncomeStatement,common:HypercubeLineItems,Member-Member,common:Revenues,,,2
Calculation,IncomeStatement,common:NetIncome,Total-Item,common:Expenses,Subtract,,2
Definition,IncomeStatement,common:HypercubeLineItems,Member-Member,common:Expenses,,,3
Calculation,IncomeStatement,common:NetIncome,Total-Item,common:Gains,Add,,3
Presentation,IncomeStatement,common:NetIncomeRollUp,Parent-Child,common:Gains,,,3
Definition,IncomeStatement,common:HypercubeLineItems,Member-Member,common:Gains,,,4
Calculation,IncomeStatement,common:NetIncome,Total-Item,common:Losses,Subtract,,4
Definition,IncomeStatement,common:HypercubeLineItems,Member-Member,common:Losses,,,5
Presentation,ComprehensiveIncomeStatement,common:ComprehensiveIncomeRollUp,Parent-Child,common:NetIncome,,,1
Calculation,ComprehensiveIncomeStatement,common:ComprehensiveIncome,Total-Item,common:NetIncome,Add,,1
Presentation,IncomeStatement,common:NetIncomeRollUp,Parent-Child,common:NetIncome,,,5
Definition,ComprehensiveIncomeStatement,common:HypercubeLineItems,Member-Member,common:NetIncome,,,3
Definition,IncomeStatement,common:HypercubeLineItems,Member-Member,common:NetIncome,,,6
Definition,ComprehensiveIncomeStatement,common:HypercubeLineItems,LineItems-Hypercube,common:ComprehensiveIncomeStatementHypercube,,,1
Presentation,ComprehensiveIncomeStatement,common:HypercubeLineItems,Parent-Child,common:ComprehensiveIncomeRollUp,,,1
Calculation,ComprehensiveIncomeStatement,common:ComprehensiveIncome,Total-Item,common:OtherComprehensiveIncome,Add,,2
Presentation,ComprehensiveIncomeStatement,common:ComprehensiveIncomeRollUp,Parent-Child,common:OtherComprehensiveIncome,,,2
Definition,ComprehensiveIncomeStatement,common:HypercubeLineItems,Member-Member,common:OtherComprehensiveIncome,,,4
Presentation,ChangesInEquity,common:ChangesInEquityRollForward,Parent-Child,common:ComprehensiveIncome,,,54
Presentation,ComprehensiveIncomeStatement,common:ComprehensiveIncomeRollUp,Parent-Child,common:ComprehensiveIncome,,,3
Definition,ChangesInEquity,common:HypercubeLineItems,Member-Member,common:ComprehensiveIncome,,,2
Definition,ComprehensiveIncomeStatement,common:HypercubeLineItems,Member-Member,common:ComprehensiveIncome,,,2
Definition,CashFlow,common:HypercubeLineItems,LineItems-Hypercube,common:CashFlowHypercube,,,2
Presentation,CashFlow,common:HypercubeLineItems,Parent-Child,common:NetCashFlowRollUp,,,1
Presentation,CashFlow,common:NetCashFlowRollUp,Parent-Child,common:NetCashFlowOperatingActivities,,,3
Calculation,CashFlow,common:NetCashFlow,Total-Item,common:NetCashFlowOperatingActivities,Add,,1
Definition,CashFlow,common:HypercubeLineItems,Member-Member,common:NetCashFlowOperatingActivities,,,3
Presentation,CashFlow,common:NetCashFlowRollUp,Parent-Child,common:NetCashFlowInvestingActivities,,,4
Calculation,CashFlow,common:NetCashFlow,Total-Item,common:NetCashFlowInvestingActivities,Add,,2
Definition,CashFlow,common:HypercubeLineItems,Member-Member,common:NetCashFlowInvestingActivities,,,4
Calculation,CashFlow,common:NetCashFlow,Total-Item,common:NetCashFlowFinancingActivities,Add,,3
Presentation,CashFlow,common:NetCashFlowRollUp,Parent-Child,common:NetCashFlowFinancingActivities,,,5
Definition,CashFlow,common:HypercubeLineItems,Member-Member,common:NetCashFlowFinancingActivities,,,5
Presentation,CashFlow,common:AssetsRollForward,Parent-Child,common:NetCashFlow,,,9
Presentation,CashFlow,common:NetCashFlowRollUp,Parent-Child,common:NetCashFlow,,,6
Definition,CashFlow,common:HypercubeLineItems,Member-Member,common:NetCashFlow,,,6
Presentation,CashFlow,common:HypercubeLineItems,Parent-Child,common:AssetsRollForward,,,2
Definition,ChangesInEquity,common:HypercubeLineItems,LineItems-Hypercube,common:ChangesInEquityHypercube,,,3
Presentation,ChangesInEquity,common:HypercubeLineItems,Parent-Child,common:ChangesInEquityRollForward,,,1
Presentation,ChangesInEquity,common:ChangesInEquityRollForward,Parent-Child,common:InvestmentsByOwners,,,55
Definition,ChangesInEquity,common:HypercubeLineItems,Member-Member,common:InvestmentsByOwners,,,4
Definition,ChangesInEquity,common:HypercubeLineItems,Member-Member,common:DistributionsToOwners,,,5
Presentation,IncomeStatement,common:NetIncomeRollUp,Parent-Child,common:Expenses,,Negated,2
Presentation,IncomeStatement,common:NetIncomeRollUp,Parent-Child,common:Losses,,Negated,4
Presentation,CashFlow,common:AssetsRollForward,Parent-Child,common:Assets,,PeriodStart,8
Presentation,CashFlow,common:AssetsRollForward,Parent-Child,common:Assets,,PeriodEnd,10
Presentation,ChangesInEquity,common:ChangesInEquityRollForward,Parent-Child,common:Equity,,PeriodStart,53
Presentation,ChangesInEquity,common:ChangesInEquityRollForward,Parent-Child,common:DistributionsToOwners,,Negated,56
Presentation,ChangesInEquity,common:ChangesInEquityRollForward,Parent-Child,common:Equity,,PeriodEnd,57
